category,count_raw,weight
A,16.0,0.9535826525571474
B,24.0,0.9199680682005792
C,18.0,0.9609900812166146
D,31.0,0.9985667470962422
E,27.0,1.0857504581279855
